date,blog_name,domain_name,url
,Not Acceptable!,2bearbear.com,http://2bearbear.com/perth-city-to-bunbury-an-australian-road-trip/
,Not Acceptable!,2bearbear.com,http://2bearbear.com/taoyuan-attractions-taiwan-trip-day-9/
,Not Acceptable!,2bearbear.com,http://2bearbear.com/things-to-do-singapore/
,Not Acceptable!,2bearbear.com,http://2bearbear.com/turkey-trip-day-1-singapore-istanbul-ferry-canakkale/
2011-03-01,Entree Kibbles: Haunted Red House @ Pasir Ris,cavinteo.blogspot.com,http://cavinteo.blogspot.com/2011/03/haunted-red-house-pasir-ris.html
2016-05-01,Entree Kibbles: Bangkok 2016 - 6 Days 5 Nights Itinerary (Summary of a Relaxing Trip),cavinteo.blogspot.com,http://cavinteo.blogspot.com/2016/05/bangkok-2016-6-days-5-nights-itinerary.html
2016-08-01,"Entree Kibbles: Day One of My Three Days, Two Nights Penang Trip 2016",cavinteo.blogspot.com,http://cavinteo.blogspot.com/2016/08/day-one-of-my-three-days-two-nights.html
2016-12-01,"Entree Kibbles: 5 Days, 4 Nights Itinerary to Bandung, the Paris of Java @ Indonesia",cavinteo.blogspot.com,http://cavinteo.blogspot.com/2016/12/5-days-4-nights-itinerary-to-bandung.html
2017-05-01,Entree Kibbles: Holiday Villa Johor Bahru City Centre - Next to KSL Mall & Resort and 11 Century Hotel @ Johore [Malaysia],cavinteo.blogspot.com,http://cavinteo.blogspot.com/2017/05/holiday-villa-johor-bahru-city-centre.html
2017-07-01,"Entree Kibbles: 4 Days, 3 Nights Itinerary to Bali - The Island of the Gods @ Indonesia",cavinteo.blogspot.com,http://cavinteo.blogspot.com/2017/07/4-days-3-nights-itinerary-to-bali.html
2017-12-01,"Entree Kibbles: Kluang Itinerary - 2 Days, 1 Night Road Trip with a Rented Car @ The Heart of Johor [Malaysia] #kluang #itinerary",cavinteo.blogspot.com,http://cavinteo.blogspot.com/2017/12/kluang-itinerary-2-days-1-night-road.html
2018-01-01,Entree Kibbles: 5 Days Itinerary in Phuket (Pearl of the South) - Largest Island of Thailand,cavinteo.blogspot.com,http://cavinteo.blogspot.com/2018/01/5-days-itinerary-in-phuket-pearl-of.html
2018-05-01,"Entree Kibbles: Day 6 in Hokkaido (Summer): Taking the Subway, Had King Crab, Prayed at a Shrine, Had Soup Curry, Took the Vintage Tram - Inaugural Trip to Japan! ",cavinteo.blogspot.com,http://cavinteo.blogspot.com/2018/05/day-6-in-hokkaido-summer-japan.html
2018-06-01,"Others Archives - mitsueki   | Singapore Lifestyle Blogger - Food, Fashion, Travel & Random News",mitsueki.sg,http://mitsueki.sg/category/guest-writer-article-syndication/others/
2014-03-23,11 Awesome Places For Solo Travel - Pohtecktoes,pohtecktoes.com,http://pohtecktoes.com/11-awesome-places-for-solo-travel/
2015-12-04,Koh Samui - Perfect for Weekend Getaways - Pohtecktoes,pohtecktoes.com,http://pohtecktoes.com/koh-samui-getaway/
2016-08-17,5 Days London Budget Guide - Travel for  60/day including accommodation - Pohtecktoes,pohtecktoes.com,http://pohtecktoes.com/london-budget-guide/
2014-11-11,SG Guide to long weekend getaways in 2015 - Pohtecktoes,pohtecktoes.com,http://pohtecktoes.com/long-weekend-getaways-in-2015/
2015-08-21,Kiasu Guide to Long Weekend Getaways in 2016 (SG) - Pohtecktoes,pohtecktoes.com,http://pohtecktoes.com/long-weekend-getaways-in-2016/
2016-09-19,6 days Maldives Budget Guide: $1000 including flights & accommodation,pohtecktoes.com,http://pohtecktoes.com/maldives-budget-guide/
2016-04-06,SG Guide to long weekend getaways 2017 - Pohtecktoes,pohtecktoes.com,http://pohtecktoes.com/singapore-long-weekend-getaways-2017/
,Singapore's 1st Travel Intern Wanted - Pohtecktoes,pohtecktoes.com,http://pohtecktoes.com/travel-intern/
2016-03-26,A Weekend Getaway at Bintan Lagoon Resorts - Pohtecktoes,pohtecktoes.com,http://pohtecktoes.com/weekend-getaway-at-bintan-lagoon-resorts/
,"Best Singapore Restaurants, Travel and Hotel Reviews - Sparklette Magazine",sparklette.net,http://sparklette.net/
,"Tokyo, Disneyland & Kyoto Japan Travel Blog, Itinerary & Best Hotel Reviews
 | Sparklette Magazine",sparklette.net,http://sparklette.net/category/travel/japan/
,"Singapore Travel Blog, Itinerary & Best Hotel Reviews
 | Sparklette Magazine - Page 6",sparklette.net,http://sparklette.net/category/travel/page/6/
,"Bangkok & Chiang Mai Thailand Travel Blog, Itinerary & Best Hotel Reviews
 | Sparklette Magazine",sparklette.net,http://sparklette.net/category/travel/thailand/
2011-06-08,"Fosters, an English Rose Cafe - Possibly the Cheapest High Tea in Singapore - Sparklette Magazine",sparklette.net,http://sparklette.net/food/fosters-english-rose-cafe/
,"Best Singapore Restaurants, Travel and Hotel Reviews - Sparklette Magazine - Page 48",sparklette.net,http://sparklette.net/page/48/
2009-05-26,Cambodia Travel Blog: Siem Reap (Day 1) - Pub Street & Old Market - Sparklette Magazine,sparklette.net,http://sparklette.net/travel/cambodia/siem-reap-pub-street-old-market/
2007-08-30,"Japan Travel Blog (Day 8) - Kyoto, Part 1 - Sparklette Magazine",sparklette.net,http://sparklette.net/travel/japan/kyoto/
2007-08-21,Japan Travel Blog (Day 1) - Arrival in Tokyo - Sparklette Magazine,sparklette.net,http://sparklette.net/travel/japan/tokyo/
,Not Acceptable!,thekeepersmap.com,http://thekeepersmap.com/
,Not Acceptable!,thekeepersmap.com,http://thekeepersmap.com/canggu-itinerary-bali/
,Not Acceptable!,thekeepersmap.com,http://thekeepersmap.com/hangzhou-2d1n-walking-itinerary/
,Not Acceptable!,thekeepersmap.com,http://thekeepersmap.com/hong-kong-local-eateries/
,Not Acceptable!,thekeepersmap.com,http://thekeepersmap.com/seminyak-itinerary-bali/
2018-03-21,5 Tips to make your Siem Reap Trip Fun - JetBlogger,www.jensenchuaphotography.com.sg,http://www.jensenchuaphotography.com.sg/5-tips-make-your-siem-reap-trip-fun-jetblogger/
2017-06-02,6 Must Do activities Sydney Travel Tips Singapore Travel Blogger,www.jensenchuaphotography.com.sg,http://www.jensenchuaphotography.com.sg/6-must-do-activities-sydney-travel-tips-singapore-travel-blogger/
2018-01-08,Detailed Road Trip Guide to Okinawa Japan for First Timers,www.jensenchuaphotography.com.sg,http://www.jensenchuaphotography.com.sg/detailed-road-trip-guide-okinawa-japan-first-timers-singapore-travel-blogger-jensen-chua/
2017-07-07,An Escape to Paradise in Fiji Islands by JetBlogger Jensen Chua,www.jensenchuaphotography.com.sg,http://www.jensenchuaphotography.com.sg/escape-paradise-fiji-islands-jetblogger-jensen-chua/
2018-04-28,6 Days Nature Way Road Trip in Darwin and Surrounds - Australia Northern Territory,www.jensenchuaphotography.com.sg,http://www.jensenchuaphotography.com.sg/nature-way-road-trip-darwin-surrounds-australia-northern-territory/
2018-06-13,8D New Zealand Road Trip Specially Crafted for Singaporeans,www.jensenchuaphotography.com.sg,http://www.jensenchuaphotography.com.sg/new-zealand-road-trip-specially-crafted-singaporeans/
2017-01-26,Family Vacation School Holiday Short Break Phuket Travel Blog Reviews Holiday Inn Patong,www.jensenchuaphotography.com.sg,http://www.jensenchuaphotography.com.sg/short-vacation-phuket-hotel-reviews-holiday-inn-patong-travel-photography-jensen-chua/
2019-09-23,Singapore Travel Blogger Photographer Jensen Chua - Jetblogger Jetabout Holidays,www.jensenchuaphotography.com.sg,http://www.jensenchuaphotography.com.sg/singapore-travel-blogger-photographer-jensen-chua-jetblogger-jetabout-holidays/
2016-11-25,Singapore Travel Blogger Photographer Reviews Planning Itineraries Private touring advice Jetabout Holidays Jetblogger,www.jensenchuaphotography.com.sg,http://www.jensenchuaphotography.com.sg/singapore-travel-blogger-photographer-reviews-planning-itinerariesjetabout-holidays-jetblogger/
2019-03-03,Khao Yai travel tips Archives - Jensen Chua Photography,www.jensenchuaphotography.com.sg,http://www.jensenchuaphotography.com.sg/tag/khao-yai-travel-tips/
2015-08-01,Not Acceptable!,www.koalatravelstheworld.com,http://www.koalatravelstheworld.com/2015/08/the-best-beach-in-sihanoukville/
2015-10-01,Not Acceptable!,www.koalatravelstheworld.com,http://www.koalatravelstheworld.com/2015/10/off-the-cuff-its-raining-other-daily-life-stuff/
2015-11-01,Not Acceptable!,www.koalatravelstheworld.com,http://www.koalatravelstheworld.com/2015/11/in-santorini-not-on-a-honeymoon/
2015-11-01,Not Acceptable!,www.koalatravelstheworld.com,http://www.koalatravelstheworld.com/2015/11/not-your-usual-mykonos/
2016-03-01,Not Acceptable!,www.koalatravelstheworld.com,http://www.koalatravelstheworld.com/2016/03/weekly-koala-adventures-3/
2017-06-01,Not Acceptable!,www.koalatravelstheworld.com,http://www.koalatravelstheworld.com/2017/06/asian-travel-europe-summer/
2017-06-01,Not Acceptable!,www.koalatravelstheworld.com,http://www.koalatravelstheworld.com/2017/06/saturday-delights-4/
2017-06-01,Not Acceptable!,www.koalatravelstheworld.com,http://www.koalatravelstheworld.com/2017/06/travel-resources-travel-cheap/
2019-02-01,Not Acceptable!,www.koalatravelstheworld.com,http://www.koalatravelstheworld.com/2019/02/for-a-city-i-love-melbourne/
2016-08-01,9 Places To Travel To For Year-End Family Holidays - With Early Bird Packages & Discounts,www.ladyironchef.com,http://www.ladyironchef.com/2016/08/year-end-holiday-destinations/
,Not Acceptable!,www.missuschewy.com,http://www.missuschewy.com/
2013-04-30,Not Acceptable!,www.missuschewy.com,http://www.missuschewy.com/2013/04/30/the-chewys-europe-honeymoon-days-1-2-in-italyrome/
2015-02-18,Not Acceptable!,www.missuschewy.com,http://www.missuschewy.com/2015/02/18/the-chewys-first-family-trip-to-phuket/
2016-04-27,Not Acceptable!,www.missuschewy.com,http://www.missuschewy.com/2016/04/27/from-singapore-to-tokyo-suggested-tokyo-itinerary/
2017-04-18,Not Acceptable!,www.missuschewy.com,http://www.missuschewy.com/2017/04/18/capture-selfie-free-holiday-moments-with-wandersnap/
2017-11-05,Not Acceptable!,www.missuschewy.com,http://www.missuschewy.com/2017/11/05/the-chewys-bali-trip-2017-part-one/
2018-04-18,Not Acceptable!,www.missuschewy.com,http://www.missuschewy.com/2018/04/18/things-to-do-in-bangkok-with-kids-recommended-5d4n-itinerary/
,Not Acceptable!,www.missuschewy.com,http://www.missuschewy.com/category/staycation-2/
,Not Acceptable!,www.missuschewy.com,http://www.missuschewy.com/page/9/
,Not Acceptable!,www.missuschewy.com,http://www.missuschewy.com/tag/singapore-staycation-blog/
2011-12-01,Ms Skinnyfat: Travel Review: Wanderlust,www.ms-skinnyfat.com,http://www.ms-skinnyfat.com/2011/12/travel-wanderlust.html
2012-06-01,Ms Skinnyfat: Travel Review: Croatia Unveiled,www.ms-skinnyfat.com,http://www.ms-skinnyfat.com/2012/06/travel-review-croatia-unveiled.html
2013-03-01,"Ms Skinnyfat: Travel: 4 days in Kyoto, Japan",www.ms-skinnyfat.com,http://www.ms-skinnyfat.com/2013/03/travel-4-days-in-kyoto-japan.html
2014-11-01,Ms Skinnyfat: 48 hours in Cappadocia,www.ms-skinnyfat.com,http://www.ms-skinnyfat.com/2014/11/48-hours-in-cappadocia.html
2017-01-01,Ms Skinnyfat: Travel South America in 16 Days,www.ms-skinnyfat.com,http://www.ms-skinnyfat.com/2017/01/travel-latin-america-in-16-days.html
2017-06-01,Ms Skinnyfat: Travel Greece in 10 Days,www.ms-skinnyfat.com,http://www.ms-skinnyfat.com/2017/06/travel-greece-in-10-days.html
2017-10-01,Ms Skinnyfat: Travel Perth in 5D4N,www.ms-skinnyfat.com,http://www.ms-skinnyfat.com/2017/10/travel-perth-in-5d4n.html
2018-03-01,Ms Skinnyfat: Lisbon Portugal Travel,www.ms-skinnyfat.com,http://www.ms-skinnyfat.com/2018/03/lisbon-portugal-travel.html
2019-09-01,Ms Skinnyfat: InterContinental Hotel Singapore Classic Afternoon Tea 2019 ,www.ms-skinnyfat.com,http://www.ms-skinnyfat.com/2019/09/intercontinental-hotel-singapore.html
,Singapore Travel Blog   Asia-Pacific Best Travel and Lifestyle Blog   PassportChop.com,www.passportchop.com,http://www.passportchop.com/
,10 Adventure Filled Destinations Best for Kids in India   Singapore Travel Blog,www.passportchop.com,http://www.passportchop.com/asia/india/kids-travel-india-destinations/
,Best Deals for Popular Destinations This June   Singapore Travel Blog,www.passportchop.com,http://www.passportchop.com/listicles/best-deals-june-holidays/
,Page not found   Singapore Travel Blog,www.passportchop.com,http://www.passportchop.com/page/6/%3Fwp_click_tracked
,Top 5 Things to Do for a Holiday in Florida   Singapore Travel Blog,www.passportchop.com,http://www.passportchop.com/travel-articles/florida-things-to-do/
,Top 4 Child-Friendly Destinations in Asia To Check Out during the Long Weekends in 2019   Singapore Travel Blog,www.passportchop.com,http://www.passportchop.com/travel-articles/long-weekend-singapore-2019-child-friendly/
,3 Holiday Destinations in Malaysia for Weekend Bus Trips   Singapore Travel Blog,www.passportchop.com,http://www.passportchop.com/travel-articles/weekend-bus-trips-malaysia-travel/
,The Best Winter Destinations in Asia   Singapore Travel Blog,www.passportchop.com,http://www.passportchop.com/travel-articles/winter-holiday-asia/
,6 Day 5 Night Perth Itinerary   Shopping and Sights Within 30 Minutes of Central Perth   Singapore Travel Blog,www.passportchop.com,http://www.passportchop.com/trip-summaries/6-day-5-night-central-perth-itinerary/
2017-03-01,"
PeiPei.HaoHao - Singapore Parenting, Lifestyle, Travel Blog: Hong Kong with Children - 6D5N Itinerary (December 2016)
",www.peipeihaohao.com,http://www.peipeihaohao.com/2017/03/hong-kong-with-children-6d5n-itinerary.html
2017-05-01,Not Acceptable!,www.travelsnapstories.com,http://www.travelsnapstories.com/2017/05/staycation-festive-hotel-day-3-activities-uss/
,Not Acceptable!,www.travelsnapstories.com,http://www.travelsnapstories.com/tag/activities-for-kids/page/2/
,Not Acceptable!,www.travelvoila.com,http://www.travelvoila.com/3-days-berlin-what-to-do-day-1-itinerary/
,Not Acceptable!,www.travelvoila.com,http://www.travelvoila.com/3-days-itinerary-paris-london-day-1/
,Not Acceptable!,www.travelvoila.com,http://www.travelvoila.com/4-days-3-nights-itinerary-in-munich-germany/
,Not Acceptable!,www.travelvoila.com,http://www.travelvoila.com/bye-2017-singapore-travel-bloggers-recap-europe-travels/
,Not Acceptable!,www.travelvoila.com,http://www.travelvoila.com/destination/
,Not Acceptable!,www.travelvoila.com,http://www.travelvoila.com/ultimate-guide-things-to-do-paris/
,Not Acceptable!,2bearbear.com,https://2bearbear.com/category/holiday/
,Not Acceptable!,2bearbear.com,https://2bearbear.com/category/places-of-interest-2/page/9/
,Not Acceptable!,2bearbear.com,https://2bearbear.com/category/visit-singapore-attractions/sentosa/sentosa-day-play-pass/
,Not Acceptable!,2bearbear.com,https://2bearbear.com/pulau-ubin-chek-jawa-day-trip/
,Not Acceptable!,2bearbear.com,https://2bearbear.com/staycation-holiday-vacation-at-sentosa-singapore-things-to-do-and-attractions-at-sentosa-island-singapore/
,Not Acceptable!,2bearbear.com,https://2bearbear.com/tag/holiday-village-shopping-centre/
,Beyond the Little Red Dot   Photography & Travel Blog,beyondelittlereddot.com,https://beyondelittlereddot.com/
2014-11-01,Pulau Ubin   Beyond the Little Red Dot,beyondelittlereddot.com,https://beyondelittlereddot.com/2014/11/01/pulau-ubin/
2015-01-31,On a Little Street in Malacca   Beyond the Little Red Dot,beyondelittlereddot.com,https://beyondelittlereddot.com/2015/01/31/on-a-little-street-in-malacca/
2015-06-01,"Temple Hopping, Bali   Beyond the Little Red Dot",beyondelittlereddot.com,https://beyondelittlereddot.com/2015/06/01/temple-hopping-bali/
2016-09-30,Hawaii   Oahu and Honolulu   Beyond the Little Red Dot,beyondelittlereddot.com,https://beyondelittlereddot.com/2016/09/30/hawaii-oahu-and-honolulu/
2019-09-27,"Palawan, A Hidden Paradise   Beyond the Little Red Dot",beyondelittlereddot.com,https://beyondelittlereddot.com/2019/09/27/palawan-a-hidden-paradise/
,Dubai   Beyond the Little Red Dot,beyondelittlereddot.com,https://beyondelittlereddot.com/category/beyond-the-dot/dubai/
,United Kingdom   Beyond the Little Red Dot,beyondelittlereddot.com,https://beyondelittlereddot.com/category/beyond-the-dot/united-kingdom/
,England in a Day   Beyond the Little Red Dot,beyondelittlereddot.com,https://beyondelittlereddot.com/category/beyond-the-dot/united-kingdom/england-in-a-day/
2012-06-30,Discover Book Travel | Singapore Travel Blog,discoverbooktravel.com,https://discoverbooktravel.com/
2016-10-15,Baltic Cruise Review + Southampton Trip Itinerary | Discover Book Travel | Singapore Travel Blog,discoverbooktravel.com,https://discoverbooktravel.com/baltic-cruise-southampton-trip-report-and-itinerary/
2017-08-22,Singapore | Discover Book Travel | Singapore Travel Blog,discoverbooktravel.com,https://discoverbooktravel.com/category/destinations/asia/singapore/
2019-10-05,Trip Itinerary | Discover Book Travel | Singapore Travel Blog,discoverbooktravel.com,https://discoverbooktravel.com/category/trip-itinerary/
2017-07-29,Darwin 7 Day 6 Nights Trip Report and Itinerary | Discover Book Travel | Singapore Travel Blog,discoverbooktravel.com,https://discoverbooktravel.com/darwin-7-day-6-nights-trip-report-and-itinerary/
2016-04-03,"Shangri-La Singapore ""Time Out Weekend Staycation"" Promotion | Discover Book Travel | Singapore Travel Blog",discoverbooktravel.com,https://discoverbooktravel.com/shangri-la-singapore-time-out-weekend-staycation-promotion/
2018-03-24,Singapore Best Travel Blogs | Discover Book Travel | Singapore Travel Blog,discoverbooktravel.com,https://discoverbooktravel.com/singapore-best-travel-blogs/
2019-08-17,travel tips | Discover Book Travel | Singapore Travel Blog,discoverbooktravel.com,https://discoverbooktravel.com/tag/travel-tips/
2018-11-29,World's Best Places to Travel in 2019 | Month-by-Month Vacation Planning Guide | Discover Book Travel | Singapore Travel Blog,discoverbooktravel.com,https://discoverbooktravel.com/worlds-best-places-to-travel-in-2019-month-by-month-vacation-planning-guide/
2019-10-08,Seoul Archives - Discoverist.sg,discoverist.sg,https://discoverist.sg/category/seoul/
2019-10-08,SG2 Archives - Discoverist.sg,discoverist.sg,https://discoverist.sg/category/sg2/
2019-08-15,"Budget Japan Itinerary - 5D4N in Tokyo for Family of 5 for Under $7,000 - Discoverist.sg",discoverist.sg,https://discoverist.sg/japan/budget-japan-itinerary-5d4n-in-tokyo-for-family-of-5-for-under-7000/
2019-07-23,3 Destinations Near Singapore For National Day Long Weekend 2019 - Discoverist.sg,discoverist.sg,https://discoverist.sg/see-do/3-destinations-near-singapore-for-national-day-long-weekend-2019/
2019-02-02,3 Romantic Getaways in Asia - Discoverist.sg,discoverist.sg,https://discoverist.sg/see-do/3-romantic-getaways-in-asia/
2019-08-29,Why Uzbekistan Should Be Your Next Great Holiday Destination - Discoverist.sg,discoverist.sg,https://discoverist.sg/see-do/why-uzbekistan-should-be-your-next-great-holiday-destination/
2019-09-05,6 Best Things to Do in Singapore on Rainy Days - Discoverist.sg,discoverist.sg,https://discoverist.sg/singapore/6-best-things-to-do-in-singapore-on-rainy-days/
2019-05-06,Fun Places in Singapore to Discover with Your Kids - Discoverist.sg,discoverist.sg,https://discoverist.sg/singapore/fun-places-in-singapore-to-discover-with-your-kids/
2019-09-27,5 Cool and Affordable Destinations Near Singapore for a Short Getaway - Discoverist.sg,discoverist.sg,https://discoverist.sg/tips-trends/5-cool-and-affordable-destinations-near-singapore-for-a-short-getaway/
2015-01-01,"[ Yilan, Taiwan Travel 3] National Center for Traditional Art     - Jiahui Muses",faithjoyhope.blogspot.com,https://faithjoyhope.blogspot.com/2015/01/yilan-taiwan-travel-3-national-center.html
2016-05-01,How The Lavender Cottage   Left Me Feeling Purple-Blue  - Jiahui Muses,faithjoyhope.blogspot.com,https://faithjoyhope.blogspot.com/2016/05/taichung-taiwan-lavender-cottage-and-mushroom-garden.html
2017-01-01,"NEW CAFES YOU CAN WALK TO FROM SINGAPORE-JOHOR BAHRU CUSTOMS, MALAYSIA - Jiahui Muses",faithjoyhope.blogspot.com,https://faithjoyhope.blogspot.com/2017/01/cafes-you-can-walk-to-from-johor-bahru-custom.html
2017-06-01,"4 Ways To Spend 2D1N Around Cingjing Farm, Nantou, Taiwan  - Jiahui Muses",faithjoyhope.blogspot.com,https://faithjoyhope.blogspot.com/2017/06/4-ways-to-spend-2d1n-around-cingjing-farm-taiwan.html
2015-07-16,Absolute Slimming,floraisabelle.com,https://floraisabelle.com/absolute-slimming/
2016-03-20,"DoubleTree by Hilton, Johor Bahru",floraisabelle.com,https://floraisabelle.com/doubletree-by-hilton-johor-bahru/
2017-04-27,Tokyo Photo Diary,floraisabelle.com,https://floraisabelle.com/tokyo-photo-diary/
2016-08-17,"Toowoomba, Australia",floraisabelle.com,https://floraisabelle.com/toowoomba-australia/
2014-09-03,What they DON T tell you about being a military wife,floraisabelle.com,https://floraisabelle.com/what-they-dont-tell-you-about-being-a-military-wife/
2019-01-06,Bali Travel Guide for First-timers (from a veteran visitor) - Girl Eat World,girleatworld.net,https://girleatworld.net/bali-travel-guide/
2019-03-14,Jordan Itinerary: Trip of a lifetime in 8 Days - Girl Eat World,girleatworld.net,https://girleatworld.net/jordan-itinerary/
2018-12-18,7-Day Kyushu Itinerary: Where to go in Kyushu - Girl Eat World,girleatworld.net,https://girleatworld.net/kyushu-itinerary-by-train/
2019-01-26,Optimal Los Angeles Itinerary for First Time Visitors - Girl Eat World,girleatworld.net,https://girleatworld.net/los-angeles-itinerary/
2019-02-13,"5 Days in Melbourne Itinerary: What to see, eat and do - Girl Eat World",girleatworld.net,https://girleatworld.net/melbourne-itinerary-5-days/
2018-11-09,Montigo Resorts in Nongsa: Weekend trip ideas from Singapore - Girl Eat World,girleatworld.net,https://girleatworld.net/montigo-resorts-nongsa/
2018-09-19,10-Day New Zealand South Island Road Trip Itinerary - Girl Eat World,girleatworld.net,https://girleatworld.net/new-zealand-south-island-itinerary/
2016-01-02,"Things to do in Darwin, Australia: The Gateway to Australian Outback - Girl Eat World",girleatworld.net,https://girleatworld.net/things-to-do-in-darwin/
2018-12-15,First Time in Tokyo? The Complete Guide and Itineraries for Tokyo - Girl Eat World,girleatworld.net,https://girleatworld.net/tokyo-itinerary-first-time-visitor/
2018-12-21,"Ubud Travel Guide: What to do, where to eat and stay in Ubud - Girl Eat World",girleatworld.net,https://girleatworld.net/ubud-bali-travel-guide/
,"GIRL WANDERNAUT   A Singapore Travel Blog   exploring the world, adventures and travel tips",girlwandernaut.com,https://girlwandernaut.com/
2015-05-20,Holiday adventure in Phuket   GIRL WANDERNAUT,girlwandernaut.com,https://girlwandernaut.com/2015/05/20/phuket-thailand/
2015-09-27,3D2N Bromo + Ijen Tour   GIRL WANDERNAUT,girlwandernaut.com,https://girlwandernaut.com/2015/09/27/3d2n-bromo-ijen-tour/
2016-02-22,Norway: Oslo and Troms  in Winter   GIRL WANDERNAUT,girlwandernaut.com,https://girlwandernaut.com/2016/02/22/norway-oslo-and-tromso-in-winter/
2016-05-14,How to get to El Nido from Singapore   GIRL WANDERNAUT,girlwandernaut.com,https://girlwandernaut.com/2016/05/14/how-to-get-to-el-nido-from-singapore/
,Iceland   GIRL WANDERNAUT,girlwandernaut.com,https://girlwandernaut.com/category/iceland/
,Travel Ideas   GIRL WANDERNAUT,girlwandernaut.com,https://girlwandernaut.com/category/travel-ideas/
,"GIRL WANDERNAUT   Page 2   A Singapore Travel Blog   exploring the world, adventures and travel tips",girlwandernaut.com,https://girlwandernaut.com/page/2/
,"GIRL WANDERNAUT   Page 3   A Singapore Travel Blog   exploring the world, adventures and travel tips",girlwandernaut.com,https://girlwandernaut.com/page/3/
,"GIRL WANDERNAUT   Page 4   A Singapore Travel Blog   exploring the world, adventures and travel tips",girlwandernaut.com,https://girlwandernaut.com/page/4/
2014-08-15,Not Acceptable!,irene-travelogue.com,https://irene-travelogue.com/2014/08/15/paradise-santorini/
2017-08-15,Not Acceptable!,irene-travelogue.com,https://irene-travelogue.com/2017/08/15/travel-guide-to-sanya-the-hawaii-of-china/
2017-09-20,Not Acceptable!,irene-travelogue.com,https://irene-travelogue.com/2017/09/20/4-reasons-why-you-will-love-pulau-tioman/
2017-10-16,Not Acceptable!,irene-travelogue.com,https://irene-travelogue.com/2017/10/16/ipoh-travel-guide-great-times-with-zenxin-travel/
2018-05-10,Not Acceptable!,irene-travelogue.com,https://irene-travelogue.com/2018/05/10/a-weekend-in-batam/
2018-09-28,Not Acceptable!,irene-travelogue.com,https://irene-travelogue.com/2018/09/28/be-charmed-by-the-beauty-of-cherating/
2018-10-17,Not Acceptable!,irene-travelogue.com,https://irene-travelogue.com/2018/10/17/jalan-jalan-your-way-through-malacca/
2018-11-15,Not Acceptable!,irene-travelogue.com,https://irene-travelogue.com/2018/11/15/my-scoot-adventure-to-athens/
,Not Acceptable!,irene-travelogue.com,https://irene-travelogue.com/tag/italy/
,Not Acceptable!,irene-travelogue.com,https://irene-travelogue.com/tag/london/
2019-03-10,The Perfect 2-Day Itinerary For Singapore (2019 Updated Travel Guide)   - I Wander,iwandered.net,https://iwandered.net/best-itinerary-singapore/
2016-07-13,Holiday Inn Express Singapore Katong Review - I Wander,iwandered.net,https://iwandered.net/holiday-inn-express-singapore-katong/
2018-08-20,The Alternative Weekend Itinerary for Johor Bahru - I Wander,iwandered.net,https://iwandered.net/johor-bahru-itinerary/
2019-02-14,The Perfect 2-Day Itinerary For Penang (2019 Travel Guide)   - I Wander,iwandered.net,https://iwandered.net/penang-itinerary/
2017-04-06,2018 Public Holidays in Singapore (When & Where to Travel to Maximise Your Annual Leave) - I Wander,iwandered.net,https://iwandered.net/public-holidays-2018-singapore-where-to-go/
2018-08-09,Singapore or Kuala Lumpur (KL) - Which is the Better City to Visit If You Can Travel to Only One - I Wander,iwandered.net,https://iwandered.net/singapore-or-kuala-lumpur-travel/
2013-11-12,Amazing Free Things to Do in Singapore - I Wander,iwandered.net,https://iwandered.net/things-to-do-in-singapore-for-free/
2016-09-05,8 Seriously Underrated Places in Malaysia You Can Easily Visit Over a Weekend - I Wander,iwandered.net,https://iwandered.net/unknown-places-in-malaysia/
2017-02-07,Where to Stay in Singapore - The Definitive Area by Area Hotel Guide - I Wander,iwandered.net,https://iwandered.net/where-to-stay-in-singapore-hotels/
2018-01-13,4 Girls' Self-Drive Jeju Road Trip Experience (Itinerary Included) | Travel Blog | Jayndee,jayndee.com,https://jayndee.com/4-girls-self-drive-jeju-road-trip-itinerary/
2017-09-24,"Hokkaido Road Trip Itinerary, Day 6 & 7: Furano & Biei | Jayndee",jayndee.com,https://jayndee.com/hokkaido-road-trip-itinerary-furano-biei/
2017-07-23,"Hokkaido Road Trip Itinerary, Day 1 & 2: Hakodate | Travel Blog | Jayndee",jayndee.com,https://jayndee.com/hokkaido-road-trip-itinerary-hakodate/
2017-08-06,"Hokkaido Road Trip Itinerary, Day 3: Noboribetsu | Travel Blog | Jayndee",jayndee.com,https://jayndee.com/hokkaido-road-trip-itinerary-noboribetsu/
2017-08-13,"Hokkaido Road Trip Itinerary, Day 4: Sapporo | Travel Blog | Jayndee",jayndee.com,https://jayndee.com/hokkaido-road-trip-itinerary-sapporo/
2014-07-30,A Journey Through Phuket's Old And New,jayndee.com,https://jayndee.com/phuket-old-new/
2019-09-20,"A Quick Guide to Taiwan: 9 Days in Taichung, Cingjing, Hualien, and Taipei (Itinerary Included) - Jayndee",jayndee.com,https://jayndee.com/taiwan-itinerary-guide-taichung-cingjing-hualien-taipei/
2018-12-07,How To Do A Self-Drive Tasmania Road Trip In 10 Days (With Itinerary),jayndee.com,https://jayndee.com/tasmania-self-drive-road-trip-itinerary/
2015-03-13,Livelaughtravel.net: Award Winning Singapore Travel Blog,livelaughtravel.net,https://livelaughtravel.net/
2016-01-26,Jeju Itinerary: 13 attractions / things to do - Singapore Travel Blog,livelaughtravel.net,https://livelaughtravel.net/asia/korea/jeju-attractions/
2016-04-18,9 Things You Must Know Before Heading to Male Maldives,livelaughtravel.net,https://livelaughtravel.net/asia/maldives/male-maldives/
2017-01-31,4D3N Complete Hanoi Itinerary: Surviving a Country of Foreign Language,livelaughtravel.net,https://livelaughtravel.net/asia/vietnam/4d3n-hanoi-itinerary/
,Travel Blog - Singapore Travel Blog,livelaughtravel.net,https://livelaughtravel.net/blog/
,Maldives Archives - Singapore Travel Blog,livelaughtravel.net,https://livelaughtravel.net/category/asia/maldives/
2015-03-13,Nicole - Singapore Travel Blog,livelaughtravel.net,https://livelaughtravel.net/nicole/
2016-01-18,11 Things to do in Gold Coast - Singapore Travel Blog,livelaughtravel.net,https://livelaughtravel.net/oceania/things-to-do-in-gold-coast/
2016-03-01,Top 9 Cheap Beach Holiday reachable via Budget Carrier - Singapore Travel Blog,livelaughtravel.net,https://livelaughtravel.net/travel-tips/beach-holiday/
2015-05-17,Land vs Cruise Holiday - Singapore Travel Blog,livelaughtravel.net,https://livelaughtravel.net/travel-tips/cruise-holiday-travel/
2017-08-05,How to save tons of miles by using Krisflyer s stopover feature | The MileLion,milelion.com,https://milelion.com/2017/08/05/how-to-save-tons-of-miles-by-using-krisflyers-stopover-feature/
2017-08-11,Great Location & Almost a 5-Star Hotel   Renaissance Bangkok Ratchaprasong | The MileLion,milelion.com,https://milelion.com/2017/08/11/great-location-almost-a-5-star-hotel-renaissance-bangkok-ratchaprasong/
2018-01-15,A Very Asian Conrad Christmas: Trip Planning | The MileLion,milelion.com,https://milelion.com/2018/01/15/asian-conrad-christmas-trip-planning/
2018-04-10,Here s your guide to Krisflyer stopovers | The MileLion,milelion.com,https://milelion.com/2018/04/10/heres-your-guide-to-krisflyer-stopovers/
2018-04-17,KrisFlyer Spontaneous Escapes for May 2018 announced | The MileLion,milelion.com,https://milelion.com/2018/04/17/krisflyer-spontaneous-escapes-for-may-2018-announced/
2018-11-12,"Singapore to South, East and West Africa: Singapore Airlines A350 Business Class SIN-JNB Review | The MileLion",milelion.com,https://milelion.com/2018/11/12/singapore-to-south-east-and-west-africa-singapore-airlines-a350-business-class-sin-jnb-review/
2018-12-07,Award travel with infants: tips and tricks for Singapore Airlines | The MileLion,milelion.com,https://milelion.com/2018/12/07/award-travel-with-infants-tips-and-tricks-for-singapore-airlines/
2019-07-09,Here s the cheapest (and most expensive) airports to redeem award flights from | The MileLion,milelion.com,https://milelion.com/2019/07/09/heres-the-cheapest-and-most-expensive-airports-to-redeem-award-flights-from/
2018-05-14,Category: Rental Cars | The MileLion,milelion.com,https://milelion.com/category/rental-cars/
2018-03-26,Trip to Maldives - 6 ThingsYour Really Didn't Know (But Should),misstourist.com,https://misstourist.com/6-things-you-did-not-know-about-the-maldives-and-you-should/
2015-03-07,13 Best Things To Do In Singapore (2019 Update),misstourist.com,https://misstourist.com/9-things-to-do-in-singapore/
,Page Not Found -,misstourist.com,https://misstourist.com/9-things-to-do-in-singapore/%234_Singapore_Botanic_gardens
,Page Not Found -,misstourist.com,https://misstourist.com/9-things-to-do-in-singapore/%235_Singapore_Zoo
,Page Not Found -,misstourist.com,https://misstourist.com/9-things-to-do-in-singapore/%238_Sip_a_Singapore_Sling_on_a_rooftop_bar
2018-10-09,Best Hotels In Singapore   With Neighborhood Recommendations And Prices,misstourist.com,https://misstourist.com/best-hotels-in-singapore-with-neighborhood-recommendations-and-prices/
2018-04-17,How to Plan Your Ideal Trip to New Zealand,misstourist.com,https://misstourist.com/how-to-plan-your-ideal-trip-to-new-zealand/
2017-07-31,Koh Phangan Hotels - Where to Stay on the Island,misstourist.com,https://misstourist.com/koh-phangan-hotels-where-stay-island/
2016-03-08,Your Perfect Road Trip Around Iceland (14 Days Trip),misstourist.com,https://misstourist.com/road-trip-around-iceland-in-14-days/
2016-11-05,Your Perfect Stockholm 3 Day Itinerary,misstourist.com,https://misstourist.com/stockholm-perfect-3-days-itinerary/
2018-09-27,Why You Should Definitely Add Wakayama City To Your Japan Itinerary,misstourist.com,https://misstourist.com/why-you-should-definitely-add-wakayama-city-to-your-japan-itinerary/
2015-11-19,"Why You Should Definitely Go To Split, Croatia",misstourist.com,https://misstourist.com/why-you-should-definitely-go-to-split-croatia/
2017-09-01,"Bangkok Birthday Trip 2017! | mitsueki is AWAY from 1 - 4 September 2017! - mitsueki   | Singapore Lifestyle Blogger - Food, Fashion, Travel & Random News",mitsueki.sg,https://mitsueki.sg/2017/09/01/bangkok-birthday-trip-2017-mitsueki-away-1-4-september-2017/
2018-05-31,"Vesak Day Holiday - Working from Home x Paktor Dinner Date! - mitsueki   | Singapore Lifestyle Blogger - Food, Fashion, Travel & Random News",mitsueki.sg,https://mitsueki.sg/2018/05/31/vesak-day-holiday-working-from-home-x-paktor-dinner-date/
2018-06-01,"15 AWESOME places to visit in Australia for your next trip - Holiday Inspiration anyone? - mitsueki   | Singapore Lifestyle Blogger - Food, Fashion, Travel & Random News",mitsueki.sg,https://mitsueki.sg/2018/06/01/15-awesome-places-to-visit-in-australia-for-your-next-trip-holiday-inspiration-anyone/
2018-08-07,"3D2N Batam Getaway 2018 - Day 2 (9 Jun 2018) - mitsueki   | Singapore Lifestyle Blogger - Food, Fashion, Travel & Random News",mitsueki.sg,https://mitsueki.sg/2018/08/07/3d2n-batam-getaway-2018-day-2-9-jun-2018/
2019-10-09,"Weekends with mitsueki Archives - mitsueki   | Singapore Lifestyle Blogger - Food, Fashion, Travel & Random News",mitsueki.sg,https://mitsueki.sg/category/mitsueki/personal-life/weekends-with-mitsueki/
2018-06-03,"Travel & Bucket List Archives - mitsueki   | Singapore Lifestyle Blogger - Food, Fashion, Travel & Random News",mitsueki.sg,https://mitsueki.sg/category/random-news/travel-bucket-list/
2017-05-21,"3d2n ho chi minh travel blog Archives - mitsueki   | Singapore Lifestyle Blogger - Food, Fashion, Travel & Random News",mitsueki.sg,https://mitsueki.sg/tag/3d2n-ho-chi-minh-travel-blog/
2016-07-03,"japan travel blog Archives - mitsueki   | Singapore Lifestyle Blogger - Food, Fashion, Travel & Random News",mitsueki.sg,https://mitsueki.sg/tag/japan-travel-blog/
,Asia - Nerd Nomads,nerdnomads.com,https://nerdnomads.com/asia
,Travel Blog - Nerd Nomads,nerdnomads.com,https://nerdnomads.com/blog
,Japan Two Week Itinerary - Nerd Nomads,nerdnomads.com,https://nerdnomads.com/japan-two-week-itinerary
,What To Do In Singapore - A 3 Day Singapore Itinerary - Nerd Nomads,nerdnomads.com,https://nerdnomads.com/singapore-itinerary
,Page Not Found - Nerd Nomads,nerdnomads.com,https://nerdnomads.com/singapore-itinerary%23day_1_-_colonial_district_the_quays_marina_bay
,Page Not Found - Nerd Nomads,nerdnomads.com,https://nerdnomads.com/singapore-itinerary%23day_2_-_orchard_road_little_india_kampong_glam_night_safari
,Page Not Found - Nerd Nomads,nerdnomads.com,https://nerdnomads.com/singapore-itinerary%23day_3_-_sentosa_island_chinatown
,What To Do In Bangkok - A 3 Day Itinerary - Nerd Nomads,nerdnomads.com,https://nerdnomads.com/what-to-do-in-bangkok
,Where To Stay In Bangkok (Updated 2019) - Our Favourite Areas & Hotels,nerdnomads.com,https://nerdnomads.com/where-to-stay-in-bangkok
,Where to Stay in Kuala Lumpur- Our Favourite Areas & Hotels - Nerd Nomads,nerdnomads.com,https://nerdnomads.com/where-to-stay-in-kuala-lumpur
,Where to Stay in Singapore - Our Favorite Areas & Hotels - Nerd Nomads,nerdnomads.com,https://nerdnomads.com/where-to-stay-in-singapore
,Page Not Found - Nerd Nomads,nerdnomads.com,https://nerdnomads.com/where-to-stay-in-singapore%231_orchard_road_black
,Page Not Found - Nerd Nomads,nerdnomads.com,https://nerdnomads.com/where-to-stay-in-singapore%233_marina_bay_blue
,Page Not Found - Nerd Nomads,nerdnomads.com,https://nerdnomads.com/where-to-stay-in-singapore%234_the_quays_clarke_robertson_boat_turquoise
,Page Not Found - Nerd Nomads,nerdnomads.com,https://nerdnomads.com/where-to-stay-in-singapore%236_chinatown_red
,"Sun, Sea and Kite Surfing at White Sands Mui Ne Vietnam",nerdnomads.com,https://nerdnomads.com/white-sands-mui-ne-vietnam
2019-01-18,Our Little Smarties | Singapore Family Travel Blog,ourlittlesmarties.com,https://ourlittlesmarties.com/
2012-11-01,10 Ideas for School Holiday Family Bonding Activities,ourlittlesmarties.com,https://ourlittlesmarties.com/2012/11/ideas-for-school-holiday-family-bonding-activities/
2017-12-01,Sand & Sandals Desaru Resort and Spa: Family-Friendly Resort in Desaru,ourlittlesmarties.com,https://ourlittlesmarties.com/2017/12/sand-sandals-desaru-resort-spa/
2018-03-01,Bangkok with Kids: Itinerary and Family-Friendly Attractions,ourlittlesmarties.com,https://ourlittlesmarties.com/2018/03/bangkok-with-kids-itinerary/
2018-04-01,Family Staycation Ideas in Singapore: Best All-Inclusive Staycation,ourlittlesmarties.com,https://ourlittlesmarties.com/2018/04/family-staycation-ideas-singapore/
2018-05-01,Planning For Our First Winter Snow Vacation,ourlittlesmarties.com,https://ourlittlesmarties.com/2018/05/first-winter-snow-vacation/
2018-11-01,4D3N Ipoh Suggested Itinerary for Families,ourlittlesmarties.com,https://ourlittlesmarties.com/2018/11/ipoh-itinerary-for-families/
2015-03-04,Explore Singapore | Singapore Family Travel Blog,ourlittlesmarties.com,https://ourlittlesmarties.com/explore-singapore/
2012-09-25,Travelogue | Singapore Family Travel Blog,ourlittlesmarties.com,https://ourlittlesmarties.com/holiday/
2017-09-25,12 Long Weekend Getaway Ideas for 2018 | Singapore Family Travel Blog,ourlittlesmarties.com,https://ourlittlesmarties.com/weekend-getaway-ideas/
,Most Authentic Singaporean Spots to Eat for the 24hr Tourist,sethlui.com,https://sethlui.com/authentic-singaporean-spots-eat-24hr-tourist/
,11 Best Nearby Beach Weekend Getaways From Singapore,sethlui.com,https://sethlui.com/best-asean-beach-weekend-getaways-from-singapore/
,27 Best Buffets In Singapore: Ultimate All-You-Can-Eat Guide For All Occasions,sethlui.com,https://sethlui.com/best-buffets-singapore/
,27 Best Cafes In Singapore Perfect For Brunch,sethlui.com,https://sethlui.com/best-cafes-brunch-singapore/
,"14 Hotel Staycation Ideas in Singapore So Good, You Won't Want To Leave the Country",sethlui.com,https://sethlui.com/best-hotel-staycation-singapore/
,8 Places Where Kids Dine Free To Bring Your Children To Over The School Holidays,sethlui.com,https://sethlui.com/kids-eat-free-food-guide-singapore/
,6 Kid-Friendly Places At The Shoppes At Marina Bay Sands To Spend Your Holidays,sethlui.com,https://sethlui.com/marina-bay-sands-kid-friendly-attractions-holidays-singapore/
,10 Places To Spend Your Long National Day Weekend This 2019,sethlui.com,https://sethlui.com/national-day-long-weekend-singapore-2019/
,30 Rooftop Restaurants & Bars In Singapore With The Best View,sethlui.com,https://sethlui.com/restaurants-bars-singapore-best-rooftop-view/
,25 Ulu Cafes In Singapore So Ulu Even Hipsters Can't Find,sethlui.com,https://sethlui.com/ulu-cafes-singapore/
,  Highlights of our 8 Days Gobi Desert Tour in Mongolia,sunriseodyssey.com,https://sunriseodyssey.com/highlights-8-days-gobi-desert-tour
,  Manukan Island   the  Maldives  of Southeast Asia,sunriseodyssey.com,https://sunriseodyssey.com/manukan-island
,  Travelling New Zealand in a Campervan,sunriseodyssey.com,https://sunriseodyssey.com/new-zealand-in-a-campervan
,  Quan Zhou   The Haven for Food Lovers ,sunriseodyssey.com,https://sunriseodyssey.com/quan-zhou-the-haven-for-food-lovers
,  Top 7 Fun Activities To Do In Tioman,sunriseodyssey.com,https://sunriseodyssey.com/top-7-fun-activities-tioman
">Aug 12, 2019</time>",  Travelogue,sunriseodyssey.com,https://sunriseodyssey.com/travelogue
">Oct 10, 2015</time>",  China,sunriseodyssey.com,https://sunriseodyssey.com/travelogue/china
,  Why you should consider Khao Kho for your next weekend getaway,sunriseodyssey.com,https://sunriseodyssey.com/why-you-should-consider-khao-kho-for-your-next-weekend-getaway
,  10 reasons why you should travel with your partner :),sunriseodyssey.com,https://sunriseodyssey.com/why-you-should-travel-with-your-partner
2014-02-02,Do You Know The Difference Between A Tourist And A Traveler - Travel Curator and Content Creation,themoreitravel.com,https://themoreitravel.com/2014/02/02/do-you-know-the-difference-between-a-tourist-and-a-traveler/
2017-07-30,See To Believe - The Beauty Of Driving From Queenstown to Milford Sound - Travel Curator and Content Creation,themoreitravel.com,https://themoreitravel.com/2017/07/30/the-beauty-of-driving-from-queenstown-to-milford-sound/
2018-04-29,What To Do In Okinawa? The Classic 5-Day Road Trip Itinerary - Travel Curator and Content Creation,themoreitravel.com,https://themoreitravel.com/2018/04/29/what-to-do-in-okinawa-the-classic-5-day-road-trip-itinerary/
2018-07-04,Photography Archives - Travel Curator and Content Creation,themoreitravel.com,https://themoreitravel.com/category/photography-2/
2018-08-18,New Zealand Archives - Travel Curator and Content Creation,themoreitravel.com,https://themoreitravel.com/category/travel/new-zealand/
2017-08-27,New Zealand Archives - Page 2 of 2 - Travel Curator and Content Creation,themoreitravel.com,https://themoreitravel.com/category/travel/new-zealand/page/2/
2017-10-18,featured Archives - Travel Curator and Content Creation,themoreitravel.com,https://themoreitravel.com/tag/featured/
2017-10-18,road trip Archives - Travel Curator and Content Creation,themoreitravel.com,https://themoreitravel.com/tag/road-trip/
2017-11-23,Eating my way through Batam in 24 Hours - The Occasional Traveller,theoccasionaltraveller.com,https://theoccasionaltraveller.com/batam-in-24-hours/
,Singapore Archives - The Occasional Traveller,theoccasionaltraveller.com,https://theoccasionaltraveller.com/category/countries/singapore/
2014-01-04,Chinese New Year in Singapore   Tips for Travellers - The Occasional Traveller,theoccasionaltraveller.com,https://theoccasionaltraveller.com/chinese-new-year-singapore-tips-for-travellers/
2016-10-05,Why your next Indonesian destination needs to be Flores instead of Bali - The Occasional Traveller,theoccasionaltraveller.com,https://theoccasionaltraveller.com/indonesia-flores-not-bali/
2016-10-29,How to spend a long weekend exploring Komodo - The Occasional Traveller,theoccasionaltraveller.com,https://theoccasionaltraveller.com/komodo-long-weekend-guide/
2013-08-05,Tips for picking vacation accommodation with less stress - The Occasional Traveller,theoccasionaltraveller.com,https://theoccasionaltraveller.com/picking-holiday-accommodation-tips/
2015-08-27,7 Surprisingly Awesome Things to Do on a Bintan weekend getaway - The Occasional Traveller,theoccasionaltraveller.com,https://theoccasionaltraveller.com/quick-getaway-bintan/
2016-11-22,Singapore - The Occasional Traveller,theoccasionaltraveller.com,https://theoccasionaltraveller.com/singapore/
2016-11-22,The Singaporean guide on where to travel from January to June - The Occasional Traveller,theoccasionaltraveller.com,https://theoccasionaltraveller.com/the-singaporean-guide-to-taking-leave-for-travel-jan-jun/
2017-11-19,How to enjoy a Xiamen weekend getaway solo - The Occasional Traveller,theoccasionaltraveller.com,https://theoccasionaltraveller.com/xiamen-weekend-getaway/
2018-12-04,The Petite Wanderess | Travel Blog of a petite designer from Singapore,thepetitewanderess.com,https://thepetitewanderess.com/
2017-12-18,"All Your First-World Questions About A Bhutan Trip, Answered!   The Petite Wanderess",thepetitewanderess.com,https://thepetitewanderess.com/bhutan-trip-questions/
2017-10-02,Top things to do at Cameron Highlands  The Petite Wanderess,thepetitewanderess.com,https://thepetitewanderess.com/cameron-highlands-malaysia/
2017-02-23,Is Dubai worth visiting?   The Petite Wanderess,thepetitewanderess.com,https://thepetitewanderess.com/dubai-worth-visiting/
2017-11-13,6 Reasons to Make A Trip to Ipoh (Malaysia)   The Petite Wanderess,thepetitewanderess.com,https://thepetitewanderess.com/ipoh-trip-getaway/
2017-06-25,How Much Did My Norway Trip Cost?   The Petite Wanderess,thepetitewanderess.com,https://thepetitewanderess.com/norway-trip-cost/
2017-12-04,TCM Tips: How to Stay Healthy in Winter during Your Vacation   The Petite Wanderess,thepetitewanderess.com,https://thepetitewanderess.com/tcm-winter-health-tips/
2018-03-17,"Admire Mt Fuji + Other Things to Do in Kawaguchiko, Japan   The Petite Wanderess",thepetitewanderess.com,https://thepetitewanderess.com/things-to-do-in-kawaguchiko/
2017-03-16,15 Reasons Tokyo is Perfect for Solo Travel  The Petite Wanderess,thepetitewanderess.com,https://thepetitewanderess.com/tokyo-solo-travel/
2014-9-4,Hotel Review: Crowne Plaza Changi Airport (Pool Suite)   The Shutterwhale,theshutterwhale.com,https://theshutterwhale.com/blog/2014/9/4/hotel-review-crowne-plaza-changi-airport-pool-suite
2016-1-30,What can you do with IHG  Rewards Club Points in Singapore   The Shutterwhale,theshutterwhale.com,https://theshutterwhale.com/blog/2016/1/30/what-can-you-do-with-ihg-rewards-club-points-in-singapore
2018-11-17,How To Best Spend Your Holiday in Singapore   The Shutterwhale,theshutterwhale.com,https://theshutterwhale.com/blog/2018/11/17/how-to-best-spend-your-holiday-in-singapore
2018-3-15,The Shutterwhale's Travel Guide to Beijing - What to See and Where to Go?   The Shutterwhale,theshutterwhale.com,https://theshutterwhale.com/blog/2018/3/15/the-shutterwhales-travel-guide-to-beijing-what-to-see-and-where-to-go
2018-9-12,Samsonite Study reveals Tokyo and Bangkok as Favourite Destinations from Singapore   The Shutterwhale,theshutterwhale.com,https://theshutterwhale.com/blog/2018/9/12/samsonite-study-reveals-tokyo-and-bangkok-as-favourite-destinations-from-singapore
2019-4-23,"Grab to Add Four New Services to App - Hotel Booking, Video Streaming, Ticketing and Trip Planning   The Shutterwhale",theshutterwhale.com,https://theshutterwhale.com/blog/2019/4/23/grab-to-add-four-new-services-to-app-hotel-booking-video-streaming-ticketing-and-trip-planning
2019-4-4,How To Get The Most Out Of An Expensive Vacation   The Shutterwhale,theshutterwhale.com,https://theshutterwhale.com/blog/2019/4/4/how-to-get-the-most-out-of-an-expensive-vacation
2019-7-3,The Danube River: The Perfect Summer Holiday   The Shutterwhale,theshutterwhale.com,https://theshutterwhale.com/blog/2019/7/3/the-danube-river-the-perfect-summer-holiday
,Bot or Not?,theshutterwhale.com,https://theshutterwhale.com/r/expediadbs
2013-11-25,52 Things to do in Singapore Before You Die,thesmartlocal.com,https://thesmartlocal.com/read/52-things-to-do-in-singapore/
2018-09-28,8 Cheapest December Getaways From Singapore In 2018 That Won't Cost You A Fortune,thesmartlocal.com,https://thesmartlocal.com/read/december-getaways-2018/
2014-11-14,50 Fun & Free Things To Do In Singapore,thesmartlocal.com,https://thesmartlocal.com/read/free-things-to-do/
2016-03-15,10 Unexplored Islands Near Singapore Which Don't Require A Plane To Get To,thesmartlocal.com,https://thesmartlocal.com/read/islands-getaways-singapore/
2015-01-13,10 Faraway Trips From Singapore Under $800 Including Flights And Hotel,thesmartlocal.com,https://thesmartlocal.com/read/life-changing-vacations/
2015-11-27,15 Spanking New Singapore Attractions That Opened Without You Knowing,thesmartlocal.com,https://thesmartlocal.com/read/new-attractions/
2016-04-18,10 OUTDOOR Places To Spend A Weekend Gathering At With No Crowds,thesmartlocal.com,https://thesmartlocal.com/read/no-crowds/
2016-06-24,11 Beautifully Obscure Places To Visit Near Singapore Under $500 Before 2016 Ends,thesmartlocal.com,https://thesmartlocal.com/read/obscure-cities/
2019-03-20,35 Kids Activities in Singapore For Fun Family Outings Away From Tablets,thesmartlocal.com,https://thesmartlocal.com/read/things-to-do-kids/
2015-11-12,29 Unconventional Experiences In Singapore Even Locals Don't Know About,thesmartlocal.com,https://thesmartlocal.com/read/unconventional-experiences/
2019-08-01,54 Things To Do In Singapore   Local s Guide To Indie and Iconic Singaporean Experiences - The Travel Intern,thetravelintern.com,https://thetravelintern.com/54-things-to-do-in-singapore-locals-guide/
2018-03-15,5-Day Berlin Budget Guide <S$1.5k incl accommodation and flight from Singapore - The Travel Intern,thetravelintern.com,https://thetravelintern.com/budget-berlin-guide/
2017-08-28,Budget Hacks for 9 Popular Destinations to Visit During the Off Peak Season - The Travel Intern,thetravelintern.com,https://thetravelintern.com/budget-hack-non-peak-travels/
2018-08-27,10-Day Portugal Itinerary for less than S$2k incl. Flights From Singapore - The Travel Intern,thetravelintern.com,https://thetravelintern.com/emirates-portugal-itinerary/
2019-08-12,5 Reasons to Treat Your Parents to An Unforgettable Holiday in Sydney And New South Wales - The Travel Intern,thetravelintern.com,https://thetravelintern.com/holiday-in-sydney-with-the-parents/
2018-12-16,3D2N Koh Samui Itinerary   the Luxurious Adventure Getaway you need - The Travel Intern,thetravelintern.com,https://thetravelintern.com/koh-samui-itinerary-luxurious-adventure/
2018-08-03,13 Reasons Why a Cruise Getaway is the Best Vacation Anyone can have - The Travel Intern,thetravelintern.com,https://thetravelintern.com/reasons-for-cruise-getaway/
2017-10-11,Singapore Long Weekend Getaway Guide 2018   Cheat Sheet: Maximise your leaves and turn 4 long weekends to 9! - The Travel Intern,thetravelintern.com,https://thetravelintern.com/singapore-long-weekend-getaway-guide-2018/
2017-11-29,11 Things to do in and Around Medan   these will make you want to fly to Medan in a heartbeat - The Travel Intern,thetravelintern.com,https://thetravelintern.com/things-to-do-in-and-around-medan/
2019-06-02,"TravelerFolio - Travel Blog Singapore on holiday destinations, food, hotels",travelerfolio.com,https://travelerfolio.com/
2014-01-10,Sights & Flavours of Jakarta - Travel Blog Singapore,travelerfolio.com,https://travelerfolio.com/jakarta-sights-and-street-food/
2019-05-11,Marina Barrage - Travel Blog Singapore,travelerfolio.com,https://travelerfolio.com/marina-barrage/
2019-07-05,Places to Go & Things to Do in Singapore - Travel Blog Singapore,travelerfolio.com,https://travelerfolio.com/places-to-go-things-to-do-in-singapore/
,Singapore Archives - Travel Blog Singapore,travelerfolio.com,https://travelerfolio.com/places/singapore/
2016-10-20,Perth Holiday - Travel Blog Singapore,travelerfolio.com,https://travelerfolio.com/self-drive-perth-surrounds/
2008-11-14,"Sentosa island, Singapore (Part 1/4) - Travel Blog Singapore",travelerfolio.com,https://travelerfolio.com/sentosa-island-singapore-part-1/
2014-09-27,Staycation @ Pan Pacific Singapore - Travel Blog Singapore,travelerfolio.com,https://travelerfolio.com/staycation-pan-pacific-singapore/
2014-09-11,Best of Xi'an - Travel Blog Singapore,travelerfolio.com,https://travelerfolio.com/tigerair-xian-china/
2019-05-06,Fun Places in Singapore to Discover with Your Kids - Discoverist.sg,www.discoverist.sg,https://www.discoverist.sg/see-do/fun-places-in-singapore-to-discover-with-your-kids/
,24 Hour Places and Eateries in Singapore,www.havehalalwilltravel.com,https://www.havehalalwilltravel.com/8-unique-places-open-24-hours-in-sg-for-night-owls
,12 Exciting Destinations For The Perfect Weekend Out Of Singapore,www.havehalalwilltravel.com,https://www.havehalalwilltravel.com/blog/12-exciting-destinations-for-the-perfect-weekend-out-of-singapore/
,Here s How You Can Enjoy 9 Long SG Weekends In 2018 (And The Best Places To Visit!),www.havehalalwilltravel.com,https://www.havehalalwilltravel.com/blog/heres-how-you-can-enjoy-9-long-sg-weekends-in-2018-and-the-best-places-to-visit/
,9 Luxurious Getaways Near SG (Under SGD100!) For An Unforgettable Holiday,www.havehalalwilltravel.com,https://www.havehalalwilltravel.com/blog/luxurious-budget-getaways-singapore/
,Top 13 Things To Do In Singapore This 2019 March Holidays,www.havehalalwilltravel.com,https://www.havehalalwilltravel.com/blog/things-to-do-in-singapore-2019-march-holidays/
,Singapore 2019 June Holidays Top Activities Family,www.havehalalwilltravel.com,https://www.havehalalwilltravel.com/family-activities-singapore-2019-june-holiday
,9 Mind-Blowing Getaways Near SG And MY You Never Knew Existed,www.havehalalwilltravel.com,https://www.havehalalwilltravel.com/hidden-getaways-near-sg-my
,9 Kid-Friendly SG Hotels For The Ultimate Family Staycation,www.havehalalwilltravel.com,https://www.havehalalwilltravel.com/kid-friendly-sg-hotels-staycation
,Top 11 Must-Visit Attractions In Singapore,www.havehalalwilltravel.com,https://www.havehalalwilltravel.com/must-visit-attraction-singapore
,Here's Where You Should Travel To During SG's 2020 Long Weekends,www.havehalalwilltravel.com,https://www.havehalalwilltravel.com/singapore-long-weekend-2020-destinations-to-travel
2011-01-01,10 Things To Do In Singapore,www.ladyironchef.com,https://www.ladyironchef.com/2011/01/things-to-do-in-singapore/
2018-02-01,17 Wheelchair-Friendly Attractions In Singapore,www.ladyironchef.com,https://www.ladyironchef.com/2018/02/wheelchair-friendly-attractions-singapore/
2018-12-01,10 Affordable Staycation Spots To Take Bae This Holiday Season,www.ladyironchef.com,https://www.ladyironchef.com/2018/12/affordable-staycations-singapore/
2018-12-01,12 Magical Places In Singapore To Soak Up The Festivities This Christmas,www.ladyironchef.com,https://www.ladyironchef.com/2018/12/christmas-activities-2018/
2019-01-01,9 Long Weekends In 2019 If You re All About That Wanderlust life,www.ladyironchef.com,https://www.ladyironchef.com/2019/01/singapore-long-weekends-2019/
2019-02-01,16 Kid-Friendly Outdoor Activities In Singapore To Keep Them Away From The iPads,www.ladyironchef.com,https://www.ladyironchef.com/2019/02/kid-friendly-activities-singapore/
2019-03-01,13 Afternoon Tea Places In Singapore For That Chichi Sesh With Your Girlfriends,www.ladyironchef.com,https://www.ladyironchef.com/2019/03/afternoon-tea-singapore/
2018-12-05,Things To Do In Singapore | ladyironchef,www.ladyironchef.com,https://www.ladyironchef.com/tag/things-to-do-in-singapore/
2017-06-12,Weekend Getaway Near Singapore | ladyironchef,www.ladyironchef.com,https://www.ladyironchef.com/tag/weekend-getaway-near-singapore/
2015-05-01,The Pan Pacific Hotel   The luxury of space for a relaxing staycation,www.lifestinymiracles.com,https://www.lifestinymiracles.com/2015/05/the-pan-pacific-hotel-singapore/
2016-04-01,KidZania Singapore    A Friendly Guide,www.lifestinymiracles.com,https://www.lifestinymiracles.com/2016/04/kidzania-singapore-guide/
2016-07-01,Luxury Singapore Hotels for Family Staycations,www.lifestinymiracles.com,https://www.lifestinymiracles.com/2016/07/sg-staycations/
2016-09-01,Astronaut Training Camp @ The Little Executive,www.lifestinymiracles.com,https://www.lifestinymiracles.com/2016/09/the-little-executive/
2017-03-01,Club Med Bintan: Possibly the best family resort,www.lifestinymiracles.com,https://www.lifestinymiracles.com/2017/03/club-med-bintan-review/
2017-06-01,Children s Season Singapore 2017,www.lifestinymiracles.com,https://www.lifestinymiracles.com/2017/06/childrens-season-singapore-2017/
2017-07-01,Hokkaido: The Complete DIY Itinerary,www.lifestinymiracles.com,https://www.lifestinymiracles.com/2017/07/hokkaido-diy-holiday/
2018-05-01,Ways To Maximize Free & Easy Holiday Trips,www.lifestinymiracles.com,https://www.lifestinymiracles.com/2018/05/use-klook/
2018-09-01,5 Days in Taiwan   A 5D4N Itinerary for Families,www.lifestinymiracles.com,https://www.lifestinymiracles.com/2018/09/5-days-taiwan-itinerary/
2019-07-07,Top 13 Campervan Holiday Destinations | Your Perfect Motorhome Holiday,www.lydiascapes.com,https://www.lydiascapes.com/13-spectacular-campervan-park-holiday-destinations/
2019-06-17,8 Travel Destinations with the Freshest Air | Top Nature Retreat,www.lydiascapes.com,https://www.lydiascapes.com/8-travel-destinations-with-the-freshest-air/
2019-04-14,Best Outdoor Climbing Vacations - Top 21 Shortlist Natural Rock Climbing in Asia Locations,www.lydiascapes.com,https://www.lydiascapes.com/asia-outdoor-rock-climbing-destinations/
,Lydia Yang,www.lydiascapes.com,https://www.lydiascapes.com/author/yuexi23/
2019-07-13,"What do you look for in Bali - Food, Luxury, Relax or Action Adventure in Bali",www.lydiascapes.com,https://www.lydiascapes.com/bali-holiday-traveller/
,Page not found - LydiaScapes,www.lydiascapes.com,https://www.lydiascapes.com/page/9/%3Fwordfence_logHuman%3D1%26hid%3D7B296FD56F02A25BC623923720AE5A66
2019-06-09,A Tribute to Singaporean Women in Travel | Lydiascapes Adventure Blog,www.lydiascapes.com,https://www.lydiascapes.com/singaporean-women-in-travel/
2019-07-26,Top 9 Bachelorette Destinations and Getaways | All Girls Trip Hen's Parties,www.lydiascapes.com,https://www.lydiascapes.com/top-9-best-destinations-for-a-bachelorette-getaway/
2019-04-15,Top 30 Travel and Vacation Quotes to Live By | Travel Sayings and Active Adventures by Lydiascapes,www.lydiascapes.com,https://www.lydiascapes.com/travel-and-vacation-quotes/
2019-04-30,5 Outdoor Activities in Singapore that are Free without Spending Money,www.lydiascapes.com,https://www.lydiascapes.com/ultimate-list-of-5-outdoor-activities-for-singaporeans-over-the-weekends/
2016-03-01,"
PeiPei.HaoHao - Singapore Parenting, Lifestyle, Travel Blog: Taiwan Travel with Children - 7D6N Free & Easy Itinerary & Accommodation (December 2015)
",www.peipeihaohao.com,https://www.peipeihaohao.com/2016/03/taiwan-travel-with-children-7d6n-free_1.html
2016-04-01,"
PeiPei.HaoHao - Singapore Parenting, Lifestyle, Travel Blog: 5 Reasons to Visit Okinawa (Japan) with Children
",www.peipeihaohao.com,https://www.peipeihaohao.com/2016/04/5-reasons-to-visit-okinawa-japan-with.html
2017-05-01,"
PeiPei.HaoHao - Singapore Parenting, Lifestyle, Travel Blog: 8 Tips for Planning Japan Kyushu Railway Trip with Children
",www.peipeihaohao.com,https://www.peipeihaohao.com/2017/05/8-tips-for-planning-kyushu-japan.html
2017-10-01,"
PeiPei.HaoHao - Singapore Parenting, Lifestyle, Travel Blog: 10 Tips for Planning a Trip to Taiwan with Children + Elderly Parents
",www.peipeihaohao.com,https://www.peipeihaohao.com/2017/10/10-tips-for-planning-trip-to-taiwan.html
2018-03-01,"
PeiPei.HaoHao - Singapore Parenting, Lifestyle, Travel Blog: 10 Tips for Planning Central Japan Trip with Children - Nagoya, Kanazawa, Shirakawa-go, Takayama, Toyama, Tateyama Kurobe Alpine Route
",www.peipeihaohao.com,https://www.peipeihaohao.com/2018/03/10-tips-for-planning-central-japan-trip.html
2018-06-01,"
PeiPei.HaoHao - Singapore Parenting, Lifestyle, Travel Blog: Okinawa (Japan) Free & Easy Self-drive Trip with Children 6D5N Itinerary 
",www.peipeihaohao.com,https://www.peipeihaohao.com/2018/06/okinawa-japan-free-easy-self-drive-trip.html
2018-06-01,"
PeiPei.HaoHao - Singapore Parenting, Lifestyle, Travel Blog: Taiwan Family Travel 8D7N Free & Easy Itinerary (December 2017)
",www.peipeihaohao.com,https://www.peipeihaohao.com/2018/06/taiwan-family-travel-8d7n-free-easy.html
2018-10-01,"
PeiPei.HaoHao - Singapore Parenting, Lifestyle, Travel Blog: 5 Tips for Planning Japan Trip (Osaka, Kyoto, Kobe, Nara) with Children
",www.peipeihaohao.com,https://www.peipeihaohao.com/2018/10/5-tips-for-planning-japan-trip-osaka.html
,"
PeiPei.HaoHao - Singapore Parenting, Lifestyle, Travel Blog: Travelogue
",www.peipeihaohao.com,https://www.peipeihaohao.com/p/fun-activities-for-children.html
2012-11-01,"
Dec 2012 School holidays : Singapore attractions for kids
        | 
        The Wacky Duo | Singapore Family Lifestyle and Travel Website
",www.thewackyduo.com,https://www.thewackyduo.com/2012/11/dec-2012-school-holidays-places-to-visit-in-singapore.html
2012-12-01,"
Singapore for Kids  : Holiday Planner
        | 
        The Wacky Duo | Singapore Family Lifestyle and Travel Website
",www.thewackyduo.com,https://www.thewackyduo.com/2012/12/singapore-for-kids-holiday-planner.html
2015-10-01,"
12 activities for the SINGAPORE HAZE season
        | 
        The Wacky Duo | Singapore Family Lifestyle and Travel Website
",www.thewackyduo.com,https://www.thewackyduo.com/2015/10/12-activities-for-singapore-haze-season.html
2016-07-01,"
Self Drive Holiday Perth Blog : A Week Long Adventure
        | 
        The Wacky Duo | Singapore Family Lifestyle and Travel Website
",www.thewackyduo.com,https://www.thewackyduo.com/2016/07/self-drive-holiday-perth-blog-week-long.html
2016-10-01,"
11 Tips on planning a holiday with kids
        | 
        The Wacky Duo | Singapore Family Lifestyle and Travel Website
",www.thewackyduo.com,https://www.thewackyduo.com/2016/10/11-tips-on-planning-holiday-with-kids.html
2016-12-01,"
8 Staycation destinations in Singapore
        | 
        The Wacky Duo | Singapore Family Lifestyle and Travel Website
",www.thewackyduo.com,https://www.thewackyduo.com/2016/12/8-staycation-destinations-in-singapore.html
2017-11-01,"
Top 10 holiday destinations for families with young kids
        | 
        The Wacky Duo | Singapore Family Lifestyle and Travel Website
",www.thewackyduo.com,https://www.thewackyduo.com/2017/11/top-10-holiday-destinations-for.html
2018-07-01,"
50 Free activities to do for families in Singapore 
        | 
        The Wacky Duo | Singapore Family Lifestyle and Travel Website
",www.thewackyduo.com,https://www.thewackyduo.com/2018/07/50-free-activities-to-do-for-families.html
2019-07-01,"
10 Favourite Family Holiday Destinations 2019
        | 
        The Wacky Duo | Singapore Family Lifestyle and Travel Website
",www.thewackyduo.com,https://www.thewackyduo.com/2019/07/top-favourite-family-holiday-destination-2019.html
,"
EXPLORE SINGAPORE
",www.thewackyduo.com,https://www.thewackyduo.com/p/explore-singapore.html
2019-06-28,Travel Inspiration 360 - A Singapore Travel Blog,www.travelinspiration360.com,https://www.travelinspiration360.com/
2016-09-08,"10 Things To Do In Bandung, Indonesia | Keith Yuen Singapore Travel Blog",www.travelinspiration360.com,https://www.travelinspiration360.com/10-things-to-do-in-bandung/
2016-10-06,How To Plan For 14 Days Eastern Europe Trip Within  1000 Budget,www.travelinspiration360.com,https://www.travelinspiration360.com/14-days-eastern-europe-trip/
2015-01-23,Travel Inspiration 360 | Round the world Travel Experiences,www.travelinspiration360.com,https://www.travelinspiration360.com/blog/
2015-03-27,10 Reasons Why Singaporean Travelers Should Be Grateful To Mr Lee Kuan Yew - Travel Inspiration 360,www.travelinspiration360.com,https://www.travelinspiration360.com/how-singaporean-travelers-are-indebted-to-mr-lee-kuan-yew-our-founding-father-of-singapore/
2014-08-18,How to spend a fruitful day in Dubai - Travel Inspiration 360,www.travelinspiration360.com,https://www.travelinspiration360.com/how-to-spend-a-fruitful-day-in-dubai/
2015-11-09,Press & Media - Travel Inspiration 360,www.travelinspiration360.com,https://www.travelinspiration360.com/press-media/
2017-03-31,"Things To Do In The Taaras Resort In Redang Island, Malaysia",www.travelinspiration360.com,https://www.travelinspiration360.com/things-to-do-in-redang-island/
2015-01-07,Travel Destinations & Inspirations For January To December 2015 - Travel Inspiration 360,www.travelinspiration360.com,https://www.travelinspiration360.com/travel-inspirations-for-2015-travel-destinations/
,Not Acceptable!,www.travelsnapstories.com,https://www.travelsnapstories.com/
2017-04-01,Not Acceptable!,www.travelsnapstories.com,https://www.travelsnapstories.com/2017/04/staycation-festive-hotel-day-1-s-e-aquarium-activities/
2017-05-01,Not Acceptable!,www.travelsnapstories.com,https://www.travelsnapstories.com/2017/05/phuket-day-1-to-holiday-inn-resort/
2018-03-01,Not Acceptable!,www.travelsnapstories.com,https://www.travelsnapstories.com/2018/03/back-from-china-trip-2018-summary-highlights/
2018-09-01,Not Acceptable!,www.travelsnapstories.com,https://www.travelsnapstories.com/2018/09/how-we-travel-china-tips-and-experiences/
2018-10-01,Not Acceptable!,www.travelsnapstories.com,https://www.travelsnapstories.com/2018/10/shanghai-day-1-first-trip-to-china-and-flight/
2018-12-01,Not Acceptable!,www.travelsnapstories.com,https://www.travelsnapstories.com/2018/12/back-from-taiwan-trip-2018-summary-highlights/
,Not Acceptable!,www.travelsnapstories.com,https://www.travelsnapstories.com/page/12/%3Fs/page/5/
,Not Acceptable!,www.travelvoila.com,https://www.travelvoila.com/4-days-itinerary-cologne-frankfurt-bacharach-heidelberg/
,Not Acceptable!,www.travelvoila.com,https://www.travelvoila.com/simple-itinerary-guide-3-days-barcelona-spain/
,Not Acceptable!,www.travelvoila.com,https://www.travelvoila.com/tips-guide/
,Not Acceptable!,www.travelvoila.com,https://www.travelvoila.com/wear-winter-travel-part-2-get-cheap-heat-packs/
2017-07-09,Picture perfect fishing village of Reine | WanderLex,www.wanderlex.com,https://www.wanderlex.com/picture-perfect-village-reine/
2015-04-20,A short getaway to Hong Kong and Macau | WanderLex,www.wanderlex.com,https://www.wanderlex.com/short-getaway-to-hong-kong-macau/
2017-05-02,"The First-Timer s Travel Guide to Langkawi, Malaysia | Will Fly for Food",www.willflyforfood.net,https://www.willflyforfood.net/2017/05/02/the-first-timers-travel-guide-to-langkawi-malaysia-2017/
2018-04-11,"The First-Timer s Travel Guide to Hualien, Taiwan | Will Fly for Food",www.willflyforfood.net,https://www.willflyforfood.net/2018/04/11/the-first-timers-travel-guide-to-hualien-taiwan/
2018-05-05,"Beitou and Tamsui: An Easy Day Trip from Taipei, Taiwan | Will Fly for Food",www.willflyforfood.net,https://www.willflyforfood.net/2018/05/05/beitou-and-tamsui-an-easy-day-trip-from-taipei-taiwan/
2018-06-09,"The First-Timer s Travel Guide to Istanbul, Turkey | Will Fly for Food",www.willflyforfood.net,https://www.willflyforfood.net/2018/06/09/the-first-timers-travel-guide-to-istanbul-turkey-2018/
2018-06-11,"The First-Timer s Travel Guide to Cappadocia, Turkey | Will Fly for Food",www.willflyforfood.net,https://www.willflyforfood.net/2018/06/11/the-first-timers-travel-guide-to-cappadocia-turkey-2018/
2018-07-03,"The First-Timer s Travel Guide to Penang, Malaysia | Will Fly for Food",www.willflyforfood.net,https://www.willflyforfood.net/2018/07/03/the-first-timers-travel-guide-to-penang-malaysia/
2019-01-12,"The First-Timer s Travel Guide to Seoul, South Korea (2019) | Will Fly for Food",www.willflyforfood.net,https://www.willflyforfood.net/2019/01/12/the-first-timers-travel-guide-to-seoul-south-korea-2019/
2019-02-19,Singapore Food Guide: 25 Must-Eat Restaurants in Singapore | Will Fly for Food,www.willflyforfood.net,https://www.willflyforfood.net/2019/02/19/singapore-food-guide-25-must-eat-restaurants-in-singapore/
2019-02-26,The First-Timer s Travel Guide to Singapore (2019) | Will Fly for Food,www.willflyforfood.net,https://www.willflyforfood.net/2019/02/26/the-first-timers-travel-guide-to-singapore-2019/
2010-12-01,day 4a: Venice! - Yina Goes,www.yinagoh.com,https://www.yinagoh.com/2010/12/day-4a-venice.html
2013-12-01,Staycation at Grand Hyatt Singapore! - Yina Goes,www.yinagoh.com,https://www.yinagoh.com/2013/12/staycation-at-grand-hyatt-singapore.html
2014-11-01,Exploring Spain: A Photo Collective + Getting Wifi Service in Spain - Yina Goes,www.yinagoh.com,https://www.yinagoh.com/2014/11/how-to-get-wifi-service-spain-wifivox.html
2015-07-01,My best childhood memories! - Yina Goes,www.yinagoh.com,https://www.yinagoh.com/2015/07/my-best-childhood-memories.html
2015-11-01,Japan! Kyoto: A Day in Kimono / Kiyomizu-dera / Arashiyama - Yina Goes,www.yinagoh.com,https://www.yinagoh.com/2015/11/japan-kyoto-kimono-rental-kiyomizudera-arashiyama.html
2016-11-01,The Beginner's Guide To Holiday Photography - Yina Goes,www.yinagoh.com,https://www.yinagoh.com/2016/11/holiday-photography-tips-help-guide.html
2017-07-01,Bhutan June'17: Pursuing Happiness In The Last Shangri-La (Part 1) - Yina Goes,www.yinagoh.com,https://www.yinagoh.com/2017/07/bhutan-travel-2017-blog-drukasia.html
2017-10-01,Hokkaido Aug'17: 12D11N Summer Road Trip Itinerary - Yina Goes,www.yinagoh.com,https://www.yinagoh.com/2017/10/hokkaido-summer-travel-road-trip-itinerary.html
2018-01-01,Tioman: Open Water Diving with Gill Divers! (Part 2) - Yina Goes,www.yinagoh.com,https://www.yinagoh.com/2018/01/tioman-open-water-diving-gill-divers-ssi.html
